green_or_not,mean_policy_driven,mean_profit_max,count
All Other Lending,33.07127230212656,66.69688396044825,680
Green Projects,65.8431120195826,34.15688798041739,74
