standardized_lender_name,degree,betweenness,closeness,constraint,norm_degree,norm_betweenness
People's Bank of China,12,93.3156972148463,0.0033783783783783786,0.18072144182182387,0.08633093525179857,0.042188505687507254
